{"0":{"0":0.6319651014,"1":-0.9628198159,"2":-0.1654273573,"3":1.42935756,"4":-0.5641235866,"5":2.625446248,"6":0.233268872,"7":1.42935756,"8":1.42935756,"9":-0.1654273573,"10":1.42935756,"11":-0.5641235866,"12":0.6319651014,"13":2.2267500187,"14":-0.1654273573,"15":-1.7602122746,"16":0.6319651014,"17":0.233268872,"18":0.6319651014,"19":-0.1654273573,"20":1.8280537893,"21":-0.1654273573,"22":0.233268872,"23":-0.1654273573,"24":2.625446248,"25":-0.9628198159,"26":-1.3615160453,"27":1.0306613307,"28":-0.1654273573},"1":{"0":1.714772074,"1":0.8266101131,"2":0.6045696229,"3":0.3825291327,"4":-1.0607340536,"5":-0.5056328281,"6":-0.6166530732,"7":1.4927315838,"8":1.1596708485,"9":-0.0615518477,"10":-0.1725720928,"11":-0.394612583,"12":-0.8386935634,"13":-0.2835923379,"14":0.6045696229,"15":-1.8378757694,"16":0.9376303582,"17":0.3825291327,"18":1.0486506033,"19":0.3825291327,"20":2.7139542799,"21":-0.0615518477,"22":-0.1725720928,"23":-1.0607340536,"24":2.6029340348,"25":0.715589868,"26":-0.1725720928,"27":0.2715088876,"28":1.2706910936},"2":{"0":0.2912567161,"1":0.0740351485,"2":0.942921419,"3":0.0740351485,"4":-1.0120726896,"5":0.942921419,"6":0.2912567161,"7":2.4634723923,"8":1.8118076895,"9":0.0740351485,"10":0.5084782837,"11":-1.2292942572,"12":0.942921419,"13":1.1601429866,"14":0.2912567161,"15":-1.4465158249,"16":1.1601429866,"17":1.5945861219,"18":0.942921419,"19":-0.1431864191,"20":2.8979155276,"21":1.1601429866,"22":0.0740351485,"23":-1.2292942572,"24":3.1151370952,"25":0.2912567161,"26":-0.5776295544,"27":0.5084782837,"28":1.5945861219},"3":{"0":-0.0892772323,"1":-0.5147209263,"2":-1.2237937496,"3":-1.081979185,"4":0.3361664617,"5":-2.0746811376,"6":-0.231091797,"7":-0.7983500556,"8":0.9034247203,"9":0.3361664617,"10":-0.656535491,"11":1.3288684143,"12":-0.656535491,"13":-0.5147209263,"14":-1.507422879,"15":-0.3729063617,"16":2.0379412376,"17":0.4779810263,"18":1.1870538496,"19":1.470682979,"20":0.0525373323,"21":0.3361664617,"22":1.3288684143,"23":0.4779810263,"24":-0.7983500556,"25":-0.3729063617,"26":0.619795591,"27":1.045239285,"28":-0.231091797},"4":{"0":-0.4745824468,"1":2.7944127177,"2":-0.1113607619,"3":-0.1113607619,"4":0.978304293,"5":-1.2010258167,"6":0.2518609231,"7":0.615082608,"8":0.615082608,"9":-0.8378041318,"10":-0.4745824468,"11":-0.1113607619,"12":-0.1113607619,"13":0.2518609231,"14":1.3415259779,"15":-0.8378041318,"16":-1.5642475016,"17":0.978304293,"18":-0.4745824468,"19":-0.8378041318,"20":-0.8378041318,"21":0.978304293,"22":0.615082608,"23":-0.8378041318,"24":0.615082608,"25":-1.2010258167,"26":-0.4745824468,"27":-0.1113607619,"28":0.978304293},"5":{"0":-0.4898320639,"1":-0.4898320639,"2":-0.4898320639,"3":-0.4898320639,"4":-0.4898320639,"5":-0.4898320639,"6":0.9567494488,"7":-0.0076382263,"8":-0.0076382263,"9":1.4389432863,"10":-0.9720259015,"11":0.4745556112,"12":-0.0076382263,"13":0.9567494488,"14":-0.9720259015,"15":0.4745556112,"16":0.9567494488,"17":0.4745556112,"18":0.4745556112,"19":-0.4898320639,"20":-1.9364135766,"21":0.9567494488,"22":0.9567494488,"23":-0.0076382263,"24":-0.9720259015,"25":-1.454219739,"26":0.4745556112,"27":-0.0076382263,"28":-0.9720259015},"6":{"0":1.1808202478,"1":-0.5764917103,"2":-0.5764917103,"3":1.1808202478,"4":-0.5764917103,"5":-0.5764917103,"6":-0.5764917103,"7":-0.5764917103,"8":-0.5764917103,"9":1.1808202478,"10":-0.5764917103,"11":-0.5764917103,"12":-0.5764917103,"13":-0.5764917103,"14":1.1808202478,"15":1.1808202478,"16":-0.5764917103,"17":-0.5764917103,"18":-0.5764917103,"19":-0.5764917103,"20":-0.5764917103,"21":-0.5764917103,"22":1.1808202478,"23":-0.5764917103,"24":-0.5764917103,"25":-0.5764917103,"26":1.1808202478,"27":-0.5764917103,"28":1.1808202478},"TeamName":{"0":"Nantes","1":"Lille","2":"Reims","3":"Bastia","4":"Evian Thonon Gaillard","5":"Guingamp","6":"Lyon","7":"Montpellier","8":"Nice","9":"St Etienne","10":"Lorient","11":"Metz","12":"Monaco","13":"Toulouse","14":"Bordeaux","15":"Lens","16":"Marseille","17":"Caen","18":"Rennes","19":"Paris SG","20":"Troyes","21":"Angers","22":"Ajaccio GFCO","23":"Dijon","24":"Nancy","25":"Amiens","26":"Strasbourg","27":"Nimes","28":"Brest"}}